{
  "average_frame_build_time_millis": 1.6357142857142855,
  "90th_percentile_frame_build_time_millis": 2.083,
  "99th_percentile_frame_build_time_millis": 4.797,
  "worst_frame_build_time_millis": 4.797,
  "missed_frame_build_budget_count": 0,
  "average_frame_rasterizer_time_millis": 3.090214285714286,
  "90th_percentile_frame_rasterizer_time_millis": 4.097,
  "99th_percentile_frame_rasterizer_time_millis": 4.46,
  "worst_frame_rasterizer_time_millis": 4.46,
  "missed_frame_rasterizer_budget_count": 0,
  "frame_count": 14,
  "frame_build_times": [
    4797,
    1243,
    1002,
    993,
    2043,
    2083,
    1341,
    1697,
    1178,
    1290,
    1150,
    1124,
    1596,
    1363
  ],
  "frame_rasterizer_times": [
    2254,
    2626,
    2764,
    2650,
    2567,
    3031,
    2641,
    3962,
    4097,
    3638,
    4460,
    3292,
    2617,
    2664
  ]
}