{
  "average_frame_build_time_millis": 1.7936153846153848,
  "90th_percentile_frame_build_time_millis": 2.077,
  "99th_percentile_frame_build_time_millis": 6.359,
  "worst_frame_build_time_millis": 6.359,
  "missed_frame_build_budget_count": 0,
  "average_frame_rasterizer_time_millis": 3.9256153846153845,
  "90th_percentile_frame_rasterizer_time_millis": 4.866,
  "99th_percentile_frame_rasterizer_time_millis": 5.583,
  "worst_frame_rasterizer_time_millis": 5.583,
  "missed_frame_rasterizer_budget_count": 0,
  "frame_count": 13,
  "frame_build_times": [
    6359,
    1248,
    1344,
    1120,
    2077,
    1115,
    1756,
    1708,
    1327,
    1264,
    1449,
    1362,
    1188
  ],
  "frame_rasterizer_times": [
    2702,
    2835,
    4498,
    2648,
    4721,
    4328,
    4866,
    4512,
    3125,
    5583,
    3819,
    4256,
    3140
  ]
}