{
  "average_frame_build_time_millis": 2.1060769230769227,
  "90th_percentile_frame_build_time_millis": 2.232,
  "99th_percentile_frame_build_time_millis": 7.272,
  "worst_frame_build_time_millis": 7.272,
  "missed_frame_build_budget_count": 0,
  "average_frame_rasterizer_time_millis": 3.593923076923077,
  "90th_percentile_frame_rasterizer_time_millis": 4.249,
  "99th_percentile_frame_rasterizer_time_millis": 4.479,
  "worst_frame_rasterizer_time_millis": 4.479,
  "missed_frame_rasterizer_budget_count": 0,
  "frame_count": 13,
  "frame_build_times": [
    7272,
    1602,
    1808,
    1617,
    1423,
    1804,
    1941,
    1377,
    2184,
    1807,
    2232,
    964,
    1348
  ],
  "frame_rasterizer_times": [
    3741,
    2972,
    2452,
    2745,
    3386,
    3505,
    3546,
    4249,
    3856,
    4197,
    4479,
    3984,
    3609
  ]
}