{
  "average_frame_build_time_millis": 2.3281538461538465,
  "90th_percentile_frame_build_time_millis": 1.547,
  "99th_percentile_frame_build_time_millis": 16.292,
  "worst_frame_build_time_millis": 16.292,
  "missed_frame_build_budget_count": 1,
  "average_frame_rasterizer_time_millis": 2.947153846153846,
  "90th_percentile_frame_rasterizer_time_millis": 3.385,
  "99th_percentile_frame_rasterizer_time_millis": 3.464,
  "worst_frame_rasterizer_time_millis": 3.464,
  "missed_frame_rasterizer_budget_count": 0,
  "frame_count": 13,
  "frame_build_times": [
    16292,
    929,
    1285,
    1547,
    1088,
    1174,
    1150,
    1114,
    1194,
    1099,
    1029,
    1222,
    1143
  ],
  "frame_rasterizer_times": [
    2290,
    3306,
    2797,
    2782,
    2984,
    2783,
    2868,
    2998,
    2825,
    3385,
    2874,
    2957,
    3464
  ]
}