{
  "average_frame_build_time_millis": 2.204307692307692,
  "90th_percentile_frame_build_time_millis": 2.886,
  "99th_percentile_frame_build_time_millis": 6.345,
  "worst_frame_build_time_millis": 6.345,
  "missed_frame_build_budget_count": 0,
  "average_frame_rasterizer_time_millis": 3.12576923076923,
  "90th_percentile_frame_rasterizer_time_millis": 3.897,
  "99th_percentile_frame_rasterizer_time_millis": 3.964,
  "worst_frame_rasterizer_time_millis": 3.964,
  "missed_frame_rasterizer_budget_count": 0,
  "frame_count": 13,
  "frame_build_times": [
    6345,
    1082,
    1657,
    1500,
    2024,
    1677,
    2886,
    2005,
    2658,
    1727,
    1823,
    1947,
    1325
  ],
  "frame_rasterizer_times": [
    2327,
    2722,
    2811,
    3298,
    2934,
    3964,
    3493,
    2901,
    3347,
    2824,
    3897,
    3077,
    3040
  ]
}