{
  "average_frame_build_time_millis": 1.4996923076923077,
  "90th_percentile_frame_build_time_millis": 1.497,
  "99th_percentile_frame_build_time_millis": 5.11,
  "worst_frame_build_time_millis": 5.11,
  "missed_frame_build_budget_count": 0,
  "average_frame_rasterizer_time_millis": 2.7415384615384615,
  "90th_percentile_frame_rasterizer_time_millis": 3.316,
  "99th_percentile_frame_rasterizer_time_millis": 3.599,
  "worst_frame_rasterizer_time_millis": 3.599,
  "missed_frame_rasterizer_budget_count": 0,
  "frame_count": 13,
  "frame_build_times": [
    5110,
    1442,
    978,
    1190,
    1054,
    1497,
    1080,
    1350,
    1059,
    1395,
    1055,
    1205,
    1081
  ],
  "frame_rasterizer_times": [
    2037,
    2653,
    2623,
    2995,
    2715,
    3316,
    2646,
    2771,
    2213,
    3599,
    2546,
    2849,
    2677
  ]
}