{
  "average_frame_build_time_millis": 1.494846153846154,
  "90th_percentile_frame_build_time_millis": 1.573,
  "99th_percentile_frame_build_time_millis": 5.13,
  "worst_frame_build_time_millis": 5.13,
  "missed_frame_build_budget_count": 0,
  "average_frame_rasterizer_time_millis": 2.6400000000000006,
  "90th_percentile_frame_rasterizer_time_millis": 3.33,
  "99th_percentile_frame_rasterizer_time_millis": 3.715,
  "worst_frame_rasterizer_time_millis": 3.715,
  "missed_frame_rasterizer_budget_count": 0,
  "frame_count": 13,
  "frame_build_times": [
    5130,
    1476,
    1042,
    1573,
    1032,
    1077,
    1100,
    1095,
    1107,
    1123,
    1077,
    1076,
    1525
  ],
  "frame_rasterizer_times": [
    1918,
    2902,
    2027,
    2619,
    2047,
    3715,
    2910,
    3330,
    3000,
    2426,
    2554,
    2440,
    2432
  ]
}