{
  "average_frame_build_time_millis": 1.998230769230769,
  "90th_percentile_frame_build_time_millis": 2.412,
  "99th_percentile_frame_build_time_millis": 7.899,
  "worst_frame_build_time_millis": 7.899,
  "missed_frame_build_budget_count": 0,
  "average_frame_rasterizer_time_millis": 3.423923076923077,
  "90th_percentile_frame_rasterizer_time_millis": 4.173,
  "99th_percentile_frame_rasterizer_time_millis": 4.926,
  "worst_frame_rasterizer_time_millis": 4.926,
  "missed_frame_rasterizer_budget_count": 0,
  "frame_count": 13,
  "frame_build_times": [
    7899,
    1370,
    1321,
    1555,
    1209,
    1368,
    1174,
    1483,
    1428,
    1189,
    1493,
    2412,
    2076
  ],
  "frame_rasterizer_times": [
    2546,
    2619,
    2780,
    3787,
    3760,
    4926,
    3776,
    3014,
    2905,
    3042,
    4049,
    3134,
    4173
  ]
}