{
  "average_frame_build_time_millis": 1.7837142857142858,
  "90th_percentile_frame_build_time_millis": 1.995,
  "99th_percentile_frame_build_time_millis": 5.586,
  "worst_frame_build_time_millis": 5.586,
  "missed_frame_build_budget_count": 0,
  "average_frame_rasterizer_time_millis": 2.8877857142857146,
  "90th_percentile_frame_rasterizer_time_millis": 3.366,
  "99th_percentile_frame_rasterizer_time_millis": 3.608,
  "worst_frame_rasterizer_time_millis": 3.608,
  "missed_frame_rasterizer_budget_count": 0,
  "frame_count": 14,
  "frame_build_times": [
    5586,
    1886,
    1995,
    1524,
    1417,
    1709,
    1194,
    1853,
    1703,
    1140,
    967,
    926,
    1149,
    1923
  ],
  "frame_rasterizer_times": [
    2076,
    3608,
    2822,
    3268,
    3366,
    2485,
    2931,
    2820,
    2548,
    2934,
    2808,
    2697,
    3185,
    2881
  ]
}