{
  "average_frame_build_time_millis": 1.4945384615384616,
  "90th_percentile_frame_build_time_millis": 1.367,
  "99th_percentile_frame_build_time_millis": 5.706,
  "worst_frame_build_time_millis": 5.706,
  "missed_frame_build_budget_count": 0,
  "average_frame_rasterizer_time_millis": 3.022153846153846,
  "90th_percentile_frame_rasterizer_time_millis": 3.491,
  "99th_percentile_frame_rasterizer_time_millis": 3.561,
  "worst_frame_rasterizer_time_millis": 3.561,
  "missed_frame_rasterizer_budget_count": 0,
  "frame_count": 13,
  "frame_build_times": [
    5706,
    983,
    1052,
    1150,
    1160,
    1088,
    1086,
    1227,
    1367,
    1021,
    1135,
    1313,
    1141
  ],
  "frame_rasterizer_times": [
    2340,
    2821,
    2863,
    3106,
    2827,
    3142,
    3012,
    3561,
    3289,
    2815,
    3041,
    3491,
    2980
  ]
}