{
  "average_frame_build_time_millis": 1.8780714285714286,
  "90th_percentile_frame_build_time_millis": 2.136,
  "99th_percentile_frame_build_time_millis": 6.498,
  "worst_frame_build_time_millis": 6.498,
  "missed_frame_build_budget_count": 0,
  "average_frame_rasterizer_time_millis": 3.4220714285714284,
  "90th_percentile_frame_rasterizer_time_millis": 4.439,
  "99th_percentile_frame_rasterizer_time_millis": 5.161,
  "worst_frame_rasterizer_time_millis": 5.161,
  "missed_frame_rasterizer_budget_count": 0,
  "frame_count": 14,
  "frame_build_times": [
    6498,
    1786,
    1190,
    1526,
    1420,
    1856,
    1339,
    1373,
    1469,
    2136,
    1469,
    1258,
    1435,
    1538
  ],
  "frame_rasterizer_times": [
    2502,
    2927,
    2689,
    4439,
    2948,
    3134,
    3129,
    4297,
    3182,
    3158,
    4260,
    2872,
    3211,
    5161
  ]
}