{
  "average_frame_build_time_millis": 1.4577142857142857,
  "90th_percentile_frame_build_time_millis": 2.016,
  "99th_percentile_frame_build_time_millis": 5.017,
  "worst_frame_build_time_millis": 5.017,
  "missed_frame_build_budget_count": 0,
  "average_frame_rasterizer_time_millis": 3.320642857142857,
  "90th_percentile_frame_rasterizer_time_millis": 4.223,
  "99th_percentile_frame_rasterizer_time_millis": 4.563,
  "worst_frame_rasterizer_time_millis": 4.563,
  "missed_frame_rasterizer_budget_count": 0,
  "frame_count": 14,
  "frame_build_times": [
    5017,
    773,
    931,
    1154,
    879,
    861,
    2016,
    1513,
    1294,
    1109,
    993,
    1457,
    1510,
    901
  ],
  "frame_rasterizer_times": [
    2314,
    1995,
    4184,
    2496,
    2589,
    3804,
    3436,
    4223,
    3916,
    4563,
    3840,
    3321,
    2575,
    3233
  ]
}