{
  "average_frame_build_time_millis": 1.7958571428571428,
  "90th_percentile_frame_build_time_millis": 2.339,
  "99th_percentile_frame_build_time_millis": 6.973,
  "worst_frame_build_time_millis": 6.973,
  "missed_frame_build_budget_count": 0,
  "average_frame_rasterizer_time_millis": 2.7167857142857144,
  "90th_percentile_frame_rasterizer_time_millis": 2.933,
  "99th_percentile_frame_rasterizer_time_millis": 3.175,
  "worst_frame_rasterizer_time_millis": 3.175,
  "missed_frame_rasterizer_budget_count": 0,
  "frame_count": 14,
  "frame_build_times": [
    6973,
    1803,
    1394,
    2339,
    1491,
    1342,
    1067,
    1166,
    993,
    1189,
    1529,
    1231,
    1563,
    1062
  ],
  "frame_rasterizer_times": [
    2067,
    2933,
    2593,
    3175,
    2652,
    2794,
    2657,
    2675,
    2671,
    2922,
    2740,
    2832,
    2471,
    2853
  ]
}