{
  "average_frame_build_time_millis": 1.711153846153846,
  "90th_percentile_frame_build_time_millis": 1.949,
  "99th_percentile_frame_build_time_millis": 4.605,
  "worst_frame_build_time_millis": 4.605,
  "missed_frame_build_budget_count": 0,
  "average_frame_rasterizer_time_millis": 3.367846153846154,
  "90th_percentile_frame_rasterizer_time_millis": 4.602,
  "99th_percentile_frame_rasterizer_time_millis": 5.05,
  "worst_frame_rasterizer_time_millis": 5.05,
  "missed_frame_rasterizer_budget_count": 0,
  "frame_count": 13,
  "frame_build_times": [
    4605,
    994,
    1388,
    1678,
    1557,
    1155,
    1396,
    1101,
    1475,
    1910,
    1299,
    1738,
    1949
  ],
  "frame_rasterizer_times": [
    3178,
    2701,
    4602,
    3055,
    2874,
    3007,
    5050,
    2689,
    4022,
    3557,
    2925,
    2955,
    3167
  ]
}