{
  "average_frame_build_time_millis": 1.6794999999999998,
  "90th_percentile_frame_build_time_millis": 2.267,
  "99th_percentile_frame_build_time_millis": 4.579,
  "worst_frame_build_time_millis": 4.579,
  "missed_frame_build_budget_count": 0,
  "average_frame_rasterizer_time_millis": 3.0268571428571422,
  "90th_percentile_frame_rasterizer_time_millis": 3.695,
  "99th_percentile_frame_rasterizer_time_millis": 3.759,
  "worst_frame_rasterizer_time_millis": 3.759,
  "missed_frame_rasterizer_budget_count": 0,
  "frame_count": 14,
  "frame_build_times": [
    4579,
    924,
    1000,
    1358,
    1636,
    971,
    1986,
    2213,
    2181,
    1054,
    1275,
    881,
    1188,
    2267
  ],
  "frame_rasterizer_times": [
    2638,
    3354,
    3195,
    2899,
    2640,
    2764,
    3185,
    3140,
    2638,
    2879,
    3759,
    2742,
    3695,
    2848
  ]
}