{
  "average_frame_build_time_millis": 1.9322142857142859,
  "90th_percentile_frame_build_time_millis": 2.272,
  "99th_percentile_frame_build_time_millis": 7.29,
  "worst_frame_build_time_millis": 7.29,
  "missed_frame_build_budget_count": 0,
  "average_frame_rasterizer_time_millis": 4.332071428571428,
  "90th_percentile_frame_rasterizer_time_millis": 5.578,
  "99th_percentile_frame_rasterizer_time_millis": 5.808,
  "worst_frame_rasterizer_time_millis": 5.808,
  "missed_frame_rasterizer_budget_count": 0,
  "frame_count": 14,
  "frame_build_times": [
    7290,
    2032,
    2272,
    1556,
    1572,
    1225,
    1450,
    1196,
    1340,
    1838,
    1468,
    1251,
    1550,
    1011
  ],
  "frame_rasterizer_times": [
    2343,
    4704,
    5200,
    5578,
    5808,
    4119,
    4048,
    4216,
    4962,
    3417,
    5037,
    3564,
    3987,
    3666
  ]
}