{
  "average_frame_build_time_millis": 2.405923076923077,
  "90th_percentile_frame_build_time_millis": 3.59,
  "99th_percentile_frame_build_time_millis": 6.843,
  "worst_frame_build_time_millis": 6.843,
  "missed_frame_build_budget_count": 0,
  "average_frame_rasterizer_time_millis": 4.099384615384615,
  "90th_percentile_frame_rasterizer_time_millis": 4.915,
  "99th_percentile_frame_rasterizer_time_millis": 5.478,
  "worst_frame_rasterizer_time_millis": 5.478,
  "missed_frame_rasterizer_budget_count": 0,
  "frame_count": 13,
  "frame_build_times": [
    6843,
    1394,
    1603,
    1895,
    1986,
    1643,
    1643,
    1678,
    2852,
    2462,
    3590,
    2238,
    1450
  ],
  "frame_rasterizer_times": [
    2651,
    2710,
    3123,
    4227,
    4186,
    4159,
    4322,
    5478,
    4453,
    4444,
    4315,
    4309,
    4915
  ]
}