{
  "average_frame_build_time_millis": 1.622769230769231,
  "90th_percentile_frame_build_time_millis": 1.578,
  "99th_percentile_frame_build_time_millis": 5.822,
  "worst_frame_build_time_millis": 5.822,
  "missed_frame_build_budget_count": 0,
  "average_frame_rasterizer_time_millis": 2.7425384615384614,
  "90th_percentile_frame_rasterizer_time_millis": 2.972,
  "99th_percentile_frame_rasterizer_time_millis": 3.335,
  "worst_frame_rasterizer_time_millis": 3.335,
  "missed_frame_rasterizer_budget_count": 0,
  "frame_count": 13,
  "frame_build_times": [
    5822,
    1139,
    1027,
    1214,
    994,
    1567,
    1513,
    1031,
    1578,
    1123,
    1472,
    1542,
    1074
  ],
  "frame_rasterizer_times": [
    2188,
    2911,
    2747,
    2904,
    2881,
    3335,
    2533,
    2929,
    2417,
    2972,
    2407,
    2520,
    2909
  ]
}