{
  "average_frame_build_time_millis": 1.521857142857143,
  "90th_percentile_frame_build_time_millis": 1.649,
  "99th_percentile_frame_build_time_millis": 5.931,
  "worst_frame_build_time_millis": 5.931,
  "missed_frame_build_budget_count": 0,
  "average_frame_rasterizer_time_millis": 2.7889285714285714,
  "90th_percentile_frame_rasterizer_time_millis": 3.118,
  "99th_percentile_frame_rasterizer_time_millis": 3.572,
  "worst_frame_rasterizer_time_millis": 3.572,
  "missed_frame_rasterizer_budget_count": 0,
  "frame_count": 14,
  "frame_build_times": [
    5931,
    1146,
    1079,
    1159,
    1242,
    1298,
    1035,
    1649,
    1111,
    1260,
    1113,
    999,
    1009,
    1275
  ],
  "frame_rasterizer_times": [
    2381,
    3572,
    2615,
    2690,
    2927,
    3023,
    2844,
    2645,
    2612,
    2826,
    2651,
    2590,
    2551,
    3118
  ]
}