{
  "average_frame_build_time_millis": 1.6407692307692305,
  "90th_percentile_frame_build_time_millis": 1.461,
  "99th_percentile_frame_build_time_millis": 6.079,
  "worst_frame_build_time_millis": 6.079,
  "missed_frame_build_budget_count": 0,
  "average_frame_rasterizer_time_millis": 3.0309999999999997,
  "90th_percentile_frame_rasterizer_time_millis": 3.821,
  "99th_percentile_frame_rasterizer_time_millis": 3.985,
  "worst_frame_rasterizer_time_millis": 3.985,
  "missed_frame_rasterizer_budget_count": 0,
  "frame_count": 13,
  "frame_build_times": [
    6079,
    1037,
    1440,
    1461,
    1332,
    1174,
    1074,
    1420,
    1092,
    1193,
    1273,
    1445,
    1310
  ],
  "frame_rasterizer_times": [
    2270,
    2913,
    3025,
    3146,
    2369,
    2210,
    2829,
    2586,
    3050,
    3396,
    3821,
    3985,
    3803
  ]
}