{
  "average_frame_build_time_millis": 2.4046153846153846,
  "90th_percentile_frame_build_time_millis": 3.346,
  "99th_percentile_frame_build_time_millis": 6.594,
  "worst_frame_build_time_millis": 6.594,
  "missed_frame_build_budget_count": 0,
  "average_frame_rasterizer_time_millis": 2.907538461538461,
  "90th_percentile_frame_rasterizer_time_millis": 3.367,
  "99th_percentile_frame_rasterizer_time_millis": 3.93,
  "worst_frame_rasterizer_time_millis": 3.93,
  "missed_frame_rasterizer_budget_count": 0,
  "frame_count": 13,
  "frame_build_times": [
    6594,
    1158,
    2219,
    1339,
    1632,
    1339,
    2618,
    2193,
    2152,
    1438,
    3346,
    2731,
    2501
  ],
  "frame_rasterizer_times": [
    2431,
    3930,
    2703,
    3180,
    2741,
    3028,
    2799,
    2742,
    2625,
    3367,
    2525,
    2553,
    3174
  ]
}