{
  "average_frame_build_time_millis": 1.9306153846153846,
  "90th_percentile_frame_build_time_millis": 2.28,
  "99th_percentile_frame_build_time_millis": 6.33,
  "worst_frame_build_time_millis": 6.33,
  "missed_frame_build_budget_count": 0,
  "average_frame_rasterizer_time_millis": 2.6659230769230766,
  "90th_percentile_frame_rasterizer_time_millis": 2.878,
  "99th_percentile_frame_rasterizer_time_millis": 2.949,
  "worst_frame_rasterizer_time_millis": 2.949,
  "missed_frame_rasterizer_budget_count": 0,
  "frame_count": 13,
  "frame_build_times": [
    6330,
    1124,
    2125,
    1261,
    2280,
    1959,
    1124,
    978,
    1871,
    1023,
    1825,
    2116,
    1082
  ],
  "frame_rasterizer_times": [
    2570,
    2845,
    2788,
    2745,
    2577,
    2593,
    2949,
    2573,
    2638,
    2474,
    2878,
    2575,
    2452
  ]
}