{
  "average_frame_build_time_millis": 1.9697692307692307,
  "90th_percentile_frame_build_time_millis": 2.472,
  "99th_percentile_frame_build_time_millis": 5.03,
  "worst_frame_build_time_millis": 5.03,
  "missed_frame_build_budget_count": 0,
  "average_frame_rasterizer_time_millis": 4.4034615384615385,
  "90th_percentile_frame_rasterizer_time_millis": 6.467,
  "99th_percentile_frame_rasterizer_time_millis": 11.017,
  "worst_frame_rasterizer_time_millis": 11.017,
  "missed_frame_rasterizer_budget_count": 1,
  "frame_count": 13,
  "frame_build_times": [
    5030,
    1801,
    1787,
    2085,
    2457,
    1508,
    2472,
    1323,
    1239,
    1243,
    1443,
    1528,
    1691
  ],
  "frame_rasterizer_times": [
    1891,
    4311,
    4700,
    6091,
    6467,
    11017,
    2516,
    2672,
    3841,
    3534,
    4282,
    2973,
    2950
  ]
}