{
  "average_frame_build_time_millis": 1.858769230769231,
  "90th_percentile_frame_build_time_millis": 2.858,
  "99th_percentile_frame_build_time_millis": 4.907,
  "worst_frame_build_time_millis": 4.907,
  "missed_frame_build_budget_count": 0,
  "average_frame_rasterizer_time_millis": 2.7870769230769223,
  "90th_percentile_frame_rasterizer_time_millis": 3.366,
  "99th_percentile_frame_rasterizer_time_millis": 3.656,
  "worst_frame_rasterizer_time_millis": 3.656,
  "missed_frame_rasterizer_budget_count": 0,
  "frame_count": 13,
  "frame_build_times": [
    4907,
    880,
    1001,
    1059,
    905,
    2115,
    2687,
    2277,
    2858,
    1117,
    1773,
    1623,
    962
  ],
  "frame_rasterizer_times": [
    2191,
    2502,
    3068,
    3366,
    2511,
    2659,
    2537,
    2660,
    3053,
    3656,
    2739,
    2588,
    2702
  ]
}