{
  "average_frame_build_time_millis": 1.889076923076923,
  "90th_percentile_frame_build_time_millis": 2.44,
  "99th_percentile_frame_build_time_millis": 4.537,
  "worst_frame_build_time_millis": 4.537,
  "missed_frame_build_budget_count": 0,
  "average_frame_rasterizer_time_millis": 3.1585384615384617,
  "90th_percentile_frame_rasterizer_time_millis": 4.141,
  "99th_percentile_frame_rasterizer_time_millis": 4.328,
  "worst_frame_rasterizer_time_millis": 4.328,
  "missed_frame_rasterizer_budget_count": 0,
  "frame_count": 13,
  "frame_build_times": [
    4537,
    1518,
    1022,
    1017,
    1259,
    2177,
    2199,
    2286,
    2440,
    1706,
    1383,
    1721,
    1293
  ],
  "frame_rasterizer_times": [
    2125,
    2552,
    2619,
    2124,
    3694,
    3305,
    2773,
    2847,
    3957,
    2997,
    3599,
    4141,
    4328
  ]
}