{
  "average_frame_build_time_millis": 2.0109230769230773,
  "90th_percentile_frame_build_time_millis": 2.085,
  "99th_percentile_frame_build_time_millis": 6.412,
  "worst_frame_build_time_millis": 6.412,
  "missed_frame_build_budget_count": 0,
  "average_frame_rasterizer_time_millis": 3.312769230769231,
  "90th_percentile_frame_rasterizer_time_millis": 4.024,
  "99th_percentile_frame_rasterizer_time_millis": 4.293,
  "worst_frame_rasterizer_time_millis": 4.293,
  "missed_frame_rasterizer_budget_count": 0,
  "frame_count": 13,
  "frame_build_times": [
    6412,
    1184,
    1310,
    1726,
    2085,
    1934,
    1853,
    1440,
    1950,
    1312,
    1886,
    1252,
    1798
  ],
  "frame_rasterizer_times": [
    2492,
    3756,
    2952,
    4024,
    4293,
    3232,
    3750,
    3535,
    3187,
    3187,
    2610,
    2354,
    3694
  ]
}