{
  "average_frame_build_time_millis": 1.471769230769231,
  "90th_percentile_frame_build_time_millis": 1.452,
  "99th_percentile_frame_build_time_millis": 4.733,
  "worst_frame_build_time_millis": 4.733,
  "missed_frame_build_budget_count": 0,
  "average_frame_rasterizer_time_millis": 2.845153846153846,
  "90th_percentile_frame_rasterizer_time_millis": 3.199,
  "99th_percentile_frame_rasterizer_time_millis": 3.995,
  "worst_frame_rasterizer_time_millis": 3.995,
  "missed_frame_rasterizer_budget_count": 0,
  "frame_count": 13,
  "frame_build_times": [
    4733,
    1026,
    1024,
    1319,
    1247,
    1452,
    1443,
    1113,
    1063,
    1038,
    1408,
    1039,
    1228
  ],
  "frame_rasterizer_times": [
    2002,
    3038,
    3199,
    3050,
    2851,
    2573,
    2931,
    2558,
    2725,
    2586,
    2351,
    3128,
    3995
  ]
}