{
  "average_frame_build_time_millis": 1.450153846153846,
  "90th_percentile_frame_build_time_millis": 1.264,
  "99th_percentile_frame_build_time_millis": 5.616,
  "worst_frame_build_time_millis": 5.616,
  "missed_frame_build_budget_count": 0,
  "average_frame_rasterizer_time_millis": 2.7963846153846155,
  "90th_percentile_frame_rasterizer_time_millis": 3.122,
  "99th_percentile_frame_rasterizer_time_millis": 3.206,
  "worst_frame_rasterizer_time_millis": 3.206,
  "missed_frame_rasterizer_budget_count": 0,
  "frame_count": 13,
  "frame_build_times": [
    5616,
    1058,
    1177,
    1171,
    1042,
    983,
    1075,
    1060,
    1122,
    1084,
    1032,
    1264,
    1168
  ],
  "frame_rasterizer_times": [
    2111,
    2903,
    2670,
    3059,
    2642,
    2654,
    2881,
    2621,
    2807,
    2953,
    2724,
    3206,
    3122
  ]
}