{
  "average_frame_build_time_millis": 2.0185384615384616,
  "90th_percentile_frame_build_time_millis": 2.676,
  "99th_percentile_frame_build_time_millis": 5.483,
  "worst_frame_build_time_millis": 5.483,
  "missed_frame_build_budget_count": 0,
  "average_frame_rasterizer_time_millis": 3.5561538461538467,
  "90th_percentile_frame_rasterizer_time_millis": 4.353,
  "99th_percentile_frame_rasterizer_time_millis": 4.709,
  "worst_frame_rasterizer_time_millis": 4.709,
  "missed_frame_rasterizer_budget_count": 0,
  "frame_count": 13,
  "frame_build_times": [
    5483,
    1232,
    1244,
    2176,
    2195,
    1359,
    1826,
    1494,
    2114,
    1504,
    1439,
    1499,
    2676
  ],
  "frame_rasterizer_times": [
    1850,
    2263,
    3077,
    4100,
    3742,
    3055,
    3858,
    4250,
    3651,
    4709,
    4353,
    4280,
    3042
  ]
}