{
  "average_frame_build_time_millis": 1.704857142857143,
  "90th_percentile_frame_build_time_millis": 2.548,
  "99th_percentile_frame_build_time_millis": 4.795,
  "worst_frame_build_time_millis": 4.795,
  "missed_frame_build_budget_count": 0,
  "average_frame_rasterizer_time_millis": 3.500571428571429,
  "90th_percentile_frame_rasterizer_time_millis": 4.638,
  "99th_percentile_frame_rasterizer_time_millis": 4.846,
  "worst_frame_rasterizer_time_millis": 4.846,
  "missed_frame_rasterizer_budget_count": 0,
  "frame_count": 14,
  "frame_build_times": [
    4795,
    750,
    1052,
    2548,
    1083,
    1475,
    2506,
    1512,
    1172,
    1591,
    1106,
    1778,
    1091,
    1409
  ],
  "frame_rasterizer_times": [
    2081,
    2814,
    3362,
    3608,
    3365,
    3734,
    4846,
    4638,
    3349,
    2944,
    3906,
    3642,
    3810,
    2909
  ]
}