{
  "average_frame_build_time_millis": 2.1145384615384617,
  "90th_percentile_frame_build_time_millis": 4.253,
  "99th_percentile_frame_build_time_millis": 6.668,
  "worst_frame_build_time_millis": 6.668,
  "missed_frame_build_budget_count": 0,
  "average_frame_rasterizer_time_millis": 3.4749230769230772,
  "90th_percentile_frame_rasterizer_time_millis": 4.082,
  "99th_percentile_frame_rasterizer_time_millis": 10.52,
  "worst_frame_rasterizer_time_millis": 10.52,
  "missed_frame_rasterizer_budget_count": 1,
  "frame_count": 13,
  "frame_build_times": [
    6668,
    2385,
    1797,
    1823,
    4253,
    1765,
    1612,
    1061,
    1115,
    1290,
    1292,
    1251,
    1177
  ],
  "frame_rasterizer_times": [
    2360,
    10520,
    3327,
    4082,
    3086,
    2468,
    2581,
    3296,
    2593,
    2578,
    2560,
    2585,
    3138
  ]
}