{
  "average_frame_build_time_millis": 1.818153846153846,
  "90th_percentile_frame_build_time_millis": 2.748,
  "99th_percentile_frame_build_time_millis": 6.053,
  "worst_frame_build_time_millis": 6.053,
  "missed_frame_build_budget_count": 0,
  "average_frame_rasterizer_time_millis": 3.6696153846153843,
  "90th_percentile_frame_rasterizer_time_millis": 4.439,
  "99th_percentile_frame_rasterizer_time_millis": 4.895,
  "worst_frame_rasterizer_time_millis": 4.895,
  "missed_frame_rasterizer_budget_count": 0,
  "frame_count": 13,
  "frame_build_times": [
    6053,
    1850,
    1341,
    1225,
    1183,
    1001,
    1119,
    1305,
    2270,
    2748,
    1313,
    1091,
    1137
  ],
  "frame_rasterizer_times": [
    2179,
    3234,
    3445,
    3730,
    4113,
    3173,
    4895,
    4248,
    3547,
    3300,
    4305,
    4439,
    3097
  ]
}