{
  "average_frame_build_time_millis": 1.5926923076923076,
  "90th_percentile_frame_build_time_millis": 1.487,
  "99th_percentile_frame_build_time_millis": 6.284,
  "worst_frame_build_time_millis": 6.284,
  "missed_frame_build_budget_count": 0,
  "average_frame_rasterizer_time_millis": 3.4850769230769236,
  "90th_percentile_frame_rasterizer_time_millis": 4.248,
  "99th_percentile_frame_rasterizer_time_millis": 5.182,
  "worst_frame_rasterizer_time_millis": 5.182,
  "missed_frame_rasterizer_budget_count": 0,
  "frame_count": 13,
  "frame_build_times": [
    6284,
    1487,
    1139,
    1215,
    1111,
    1167,
    1213,
    1405,
    1110,
    1003,
    1055,
    1060,
    1456
  ],
  "frame_rasterizer_times": [
    2420,
    3159,
    3817,
    3748,
    3713,
    3768,
    5182,
    2606,
    4248,
    3204,
    3004,
    3386,
    3051
  ]
}