{
  "average_frame_build_time_millis": 1.897076923076923,
  "90th_percentile_frame_build_time_millis": 1.847,
  "99th_percentile_frame_build_time_millis": 7.556,
  "worst_frame_build_time_millis": 7.556,
  "missed_frame_build_budget_count": 0,
  "average_frame_rasterizer_time_millis": 3.006153846153846,
  "90th_percentile_frame_rasterizer_time_millis": 3.616,
  "99th_percentile_frame_rasterizer_time_millis": 3.741,
  "worst_frame_rasterizer_time_millis": 3.741,
  "missed_frame_rasterizer_budget_count": 0,
  "frame_count": 13,
  "frame_build_times": [
    7556,
    1310,
    1603,
    1847,
    1375,
    1245,
    1509,
    1357,
    1558,
    1466,
    1294,
    1275,
    1267
  ],
  "frame_rasterizer_times": [
    2374,
    2806,
    2456,
    3741,
    2865,
    3217,
    3249,
    3616,
    3023,
    2885,
    2939,
    2893,
    3016
  ]
}