{
  "average_frame_build_time_millis": 2.8719285714285716,
  "90th_percentile_frame_build_time_millis": 2.515,
  "99th_percentile_frame_build_time_millis": 16.096,
  "worst_frame_build_time_millis": 16.096,
  "missed_frame_build_budget_count": 1,
  "average_frame_rasterizer_time_millis": 2.8680714285714286,
  "90th_percentile_frame_rasterizer_time_millis": 3.546,
  "99th_percentile_frame_rasterizer_time_millis": 3.782,
  "worst_frame_rasterizer_time_millis": 3.782,
  "missed_frame_rasterizer_budget_count": 0,
  "frame_count": 14,
  "frame_build_times": [
    16096,
    2187,
    2205,
    2515,
    1517,
    1531,
    1660,
    2202,
    1801,
    1376,
    1726,
    1646,
    1578,
    2167
  ],
  "frame_rasterizer_times": [
    2036,
    3546,
    3782,
    2910,
    2975,
    2741,
    3149,
    2748,
    2887,
    2827,
    2544,
    2393,
    2623,
    2992
  ]
}