{
  "average_frame_build_time_millis": 2.3056923076923077,
  "90th_percentile_frame_build_time_millis": 4.84,
  "99th_percentile_frame_build_time_millis": 5.669,
  "worst_frame_build_time_millis": 5.669,
  "missed_frame_build_budget_count": 0,
  "average_frame_rasterizer_time_millis": 3.700692307692307,
  "90th_percentile_frame_rasterizer_time_millis": 4.733,
  "99th_percentile_frame_rasterizer_time_millis": 8.796,
  "worst_frame_rasterizer_time_millis": 8.796,
  "missed_frame_rasterizer_budget_count": 1,
  "frame_count": 13,
  "frame_build_times": [
    4840,
    1011,
    2535,
    2247,
    1331,
    5669,
    1802,
    2047,
    1216,
    1561,
    1562,
    2936,
    1217
  ],
  "frame_rasterizer_times": [
    1911,
    1987,
    8796,
    3461,
    4581,
    4733,
    4029,
    3117,
    4297,
    2571,
    2825,
    3047,
    2754
  ]
}