{
  "average_frame_build_time_millis": 1.574142857142857,
  "90th_percentile_frame_build_time_millis": 2.571,
  "99th_percentile_frame_build_time_millis": 4.777,
  "worst_frame_build_time_millis": 4.777,
  "missed_frame_build_budget_count": 0,
  "average_frame_rasterizer_time_millis": 2.8241428571428573,
  "90th_percentile_frame_rasterizer_time_millis": 3.111,
  "99th_percentile_frame_rasterizer_time_millis": 3.172,
  "worst_frame_rasterizer_time_millis": 3.172,
  "missed_frame_rasterizer_budget_count": 0,
  "frame_count": 14,
  "frame_build_times": [
    4777,
    1136,
    1725,
    2571,
    1740,
    930,
    1370,
    1748,
    1002,
    1095,
    934,
    1054,
    975,
    981
  ],
  "frame_rasterizer_times": [
    2406,
    3077,
    3111,
    3172,
    2555,
    2653,
    2832,
    2567,
    3061,
    2986,
    2603,
    2613,
    3067,
    2835
  ]
}