{
  "average_frame_build_time_millis": 1.551230769230769,
  "90th_percentile_frame_build_time_millis": 1.566,
  "99th_percentile_frame_build_time_millis": 5.776,
  "worst_frame_build_time_millis": 5.776,
  "missed_frame_build_budget_count": 0,
  "average_frame_rasterizer_time_millis": 3.364923076923077,
  "90th_percentile_frame_rasterizer_time_millis": 4.31,
  "99th_percentile_frame_rasterizer_time_millis": 4.86,
  "worst_frame_rasterizer_time_millis": 4.86,
  "missed_frame_rasterizer_budget_count": 0,
  "frame_count": 13,
  "frame_build_times": [
    5776,
    998,
    1425,
    1055,
    1101,
    1054,
    1538,
    1166,
    1093,
    1097,
    1566,
    1127,
    1170
  ],
  "frame_rasterizer_times": [
    2243,
    2715,
    2469,
    3219,
    2786,
    4228,
    3762,
    4860,
    2785,
    3197,
    3226,
    4310,
    3944
  ]
}