{
  "average_frame_build_time_millis": 1.7690769230769232,
  "90th_percentile_frame_build_time_millis": 2.331,
  "99th_percentile_frame_build_time_millis": 4.933,
  "worst_frame_build_time_millis": 4.933,
  "missed_frame_build_budget_count": 0,
  "average_frame_rasterizer_time_millis": 2.6978461538461542,
  "90th_percentile_frame_rasterizer_time_millis": 3.213,
  "99th_percentile_frame_rasterizer_time_millis": 3.295,
  "worst_frame_rasterizer_time_millis": 3.295,
  "missed_frame_rasterizer_budget_count": 0,
  "frame_count": 13,
  "frame_build_times": [
    4933,
    1184,
    1105,
    1147,
    1193,
    2195,
    2331,
    2142,
    1056,
    1649,
    1753,
    912,
    1398
  ],
  "frame_rasterizer_times": [
    2111,
    2800,
    2630,
    2661,
    2624,
    2682,
    2666,
    2648,
    2663,
    3295,
    2524,
    2555,
    3213
  ]
}