{
  "average_frame_build_time_millis": 1.4658461538461542,
  "90th_percentile_frame_build_time_millis": 1.222,
  "99th_percentile_frame_build_time_millis": 5.594,
  "worst_frame_build_time_millis": 5.594,
  "missed_frame_build_budget_count": 0,
  "average_frame_rasterizer_time_millis": 3.5978461538461532,
  "90th_percentile_frame_rasterizer_time_millis": 4.771,
  "99th_percentile_frame_rasterizer_time_millis": 4.918,
  "worst_frame_rasterizer_time_millis": 4.918,
  "missed_frame_rasterizer_budget_count": 0,
  "frame_count": 13,
  "frame_build_times": [
    5594,
    1160,
    1081,
    1092,
    1184,
    1169,
    1047,
    1116,
    1026,
    1088,
    1222,
    1126,
    1151
  ],
  "frame_rasterizer_times": [
    2419,
    3056,
    3017,
    4050,
    4331,
    3891,
    2891,
    3073,
    2958,
    4032,
    4918,
    3365,
    4771
  ]
}