{
  "average_frame_build_time_millis": 2.6482307692307687,
  "90th_percentile_frame_build_time_millis": 5.136,
  "99th_percentile_frame_build_time_millis": 7.717,
  "worst_frame_build_time_millis": 7.717,
  "missed_frame_build_budget_count": 0,
  "average_frame_rasterizer_time_millis": 5.853384615384616,
  "90th_percentile_frame_rasterizer_time_millis": 9.842,
  "99th_percentile_frame_rasterizer_time_millis": 10.782,
  "worst_frame_rasterizer_time_millis": 10.782,
  "missed_frame_rasterizer_budget_count": 2,
  "frame_count": 13,
  "frame_build_times": [
    7717,
    2212,
    3247,
    2277,
    1653,
    2255,
    1546,
    5136,
    1725,
    2182,
    1655,
    1483,
    1339
  ],
  "frame_rasterizer_times": [
    3510,
    4750,
    5683,
    5182,
    6156,
    6446,
    4423,
    4437,
    3473,
    10782,
    5465,
    5945,
    9842
  ]
}